Fecha;Cierre
08/13/2024;17187.61
8/12/2024;16780.61
8/09/2024;16745.3
8/08/2024;16660.02
8/07/2024;16195.81
8/06/2024;16366.85
8/05/2024;16200.08
8/02/2024;16776.16
8/01/2024;17194.15
07/31/2024;17599.4
07/30/2024;17147.42
07/29/2024;17370.2
07/26/2024;17357.88
07/25/2024;17181.72
07/24/2024;17342.41
07/23/2024;17997.35
07/22/2024;18007.57
07/19/2024;17726.94
07/18/2024;17871.22
07/17/2024;17996.92
07/16/2024;18509.34
07/15/2024;18472.57
7/12/2024;18398.45
7/11/2024;18283.41
7/10/2024;18647.45
7/09/2024;18429.29
7/08/2024;18403.74
7/05/2024;18352.76
7/03/2024;18188.3
7/02/2024;18028.76
7/01/2024;17879.3
06/28/2024;17732.6
06/27/2024;17858.68
06/26/2024;17805.16
06/25/2024;17717.65
06/24/2024;17496.82
06/21/2024;17689.36
06/20/2024;17721.59
06/18/2024;17862.23
06/17/2024;17857.02
06/14/2024;17688.88
06/13/2024;17667.56
6/12/2024;17608.44
6/11/2024;17343.55
6/10/2024;17192.53
6/07/2024;17133.13
6/06/2024;17173.12
6/05/2024;17187.9
6/04/2024;16857.05
6/03/2024;16828.67
05/31/2024;16735.02
05/30/2024;16737.08
05/29/2024;16920.58
05/28/2024;17019.88
05/24/2024;16920.79
05/23/2024;16736.03
05/22/2024;16801.54
05/21/2024;16832.62
05/20/2024;16794.87
05/17/2024;16685.97
05/16/2024;16698.32
05/15/2024;16742.39
05/14/2024;16511.18
05/13/2024;16388.24
5/10/2024;16340.87
5/09/2024;16346.26
5/08/2024;16302.76
5/07/2024;16332.56
5/06/2024;16349.25
5/03/2024;16156.33
5/02/2024;15840.96
5/01/2024;15605.48
04/30/2024;15657.82
04/29/2024;15983.08
04/26/2024;15927.9
04/25/2024;15611.76
04/24/2024;15712.75
04/23/2024;15696.64
04/22/2024;15451.31
04/19/2024;15282.01
04/18/2024;15601.5
04/17/2024;15683.37
04/16/2024;15865.25
04/15/2024;15885.02
4/12/2024;16175.09
4/11/2024;16442.2
4/10/2024;16170.36
4/09/2024;16306.64
4/08/2024;16253.96
4/05/2024;16248.52
4/04/2024;16049.08
4/03/2024;16277.46
4/02/2024;16240.45
4/01/2024;16396.83
03/28/2024;16379.46
03/27/2024;16399.52
03/26/2024;16315.7
03/25/2024;16384.47
03/22/2024;16428.82
03/21/2024;16401.84
03/20/2024;16369.41
03/19/2024;16166.79
03/18/2024;16103.45
03/15/2024;15973.17
03/14/2024;16128.53
03/13/2024;16177.77
3/12/2024;16265.64
3/11/2024;16019.27
3/08/2024;16085.11
3/07/2024;16273.38
3/06/2024;16031.54
3/05/2024;15939.59
3/04/2024;16207.51
3/01/2024;16274.94
02/29/2024;16091.92
02/28/2024;15947.74
02/27/2024;16035.3
02/26/2024;15976.25
02/23/2024;15996.82
02/22/2024;16041.62
02/21/2024;15580.87
02/20/2024;15630.78
02/16/2024;15775.65
02/15/2024;15906.17
02/14/2024;15859.15
02/13/2024;15655.6
2/12/2024;15942.55
2/09/2024;15990.66
2/08/2024;15793.71
2/07/2024;15756.64
2/06/2024;15609
2/05/2024;15597.68
2/02/2024;15628.95
2/01/2024;15361.64
01/31/2024;15164.01
01/30/2024;15509.9
01/29/2024;15628.04
01/26/2024;15455.36
01/25/2024;15510.5
01/24/2024;15481.92
01/23/2024;15425.94
01/22/2024;15360.29
01/19/2024;15310.97
01/18/2024;15055.65
01/17/2024;14855.62
01/16/2024;14944.35
1/12/2024;14972.76
1/11/2024;14970.18
1/10/2024;14969.65
1/09/2024;14857.71
1/08/2024;14843.77
1/05/2024;14524.07
1/04/2024;14510.3
1/03/2024;14592.21
1/02/2024;14765.94
12/29/2023;15011.35
12/28/2023;15095.14
12/27/2023;15099.18
12/26/2023;15074.57
12/22/2023;14992.97
12/21/2023;14963.87
12/20/2023;14777.94
12/19/2023;15003.22
12/18/2023;14905.19
12/15/2023;14813.92
12/14/2023;14761.56
12/13/2023;14733.96
12/12/2023;14533.4
12/11/2023;14432.49
12/08/2023;14403.97
12/07/2023;14339.99
12/06/2023;14146.71
12/05/2023;14229.91
12/04/2023;14185.49
12/01/2023;14305.03
11/30/2023;14226.22
11/29/2023;14258.49
11/28/2023;14281.76
11/27/2023;14241.02
11/24/2023;14250.85
11/22/2023;14265.86
11/21/2023;14199.98
11/20/2023;14284.53
11/17/2023;14125.48
11/16/2023;14113.67
11/15/2023;14103.84
11/14/2023;14094.38
11/13/2023;13767.74
11/10/2023;13798.11
11/09/2023;13521.45
11/08/2023;13650.41
11/07/2023;13639.86
11/06/2023;13518.78
11/03/2023;13478.28
11/02/2023;13294.19
11/01/2023;13061.47
10/31/2023;12851.24
10/30/2023;12789.48
10/27/2023;12643.01
10/26/2023;12595.61
10/25/2023;12821.22
10/24/2023;13139.87
10/23/2023;13018.33
10/20/2023;12983.81
10/19/2023;13186.18
10/18/2023;13314.3
10/17/2023;13533.75
10/16/2023;13567.98
10/13/2023;13407.23
10/12/2023;13574.22
10/11/2023;13659.68
10/10/2023;13562.84
10/09/2023;13484.24
10/06/2023;13431.34
10/05/2023;13219.83
10/04/2023;13236.01
10/03/2023;13059.47
10/02/2023;13307.77
09/29/2023;13219.32
09/28/2023;13201.28
09/27/2023;13092.85
09/26/2023;13063.61
09/25/2023;13271.32
09/22/2023;13211.81
09/21/2023;13223.98
09/20/2023;13469.13
09/19/2023;13678.19
09/18/2023;13710.24
09/15/2023;13708.33
09/14/2023;13926.05
09/13/2023;13813.59
9/12/2023;13773.61
9/11/2023;13917.89
9/08/2023;13761.53
9/07/2023;13748.83
9/06/2023;13872.47
9/05/2023;14020.95
9/01/2023;14031.81
08/31/2023;14034.97
08/30/2023;14019.31
08/29/2023;13943.76
08/28/2023;13705.13
08/25/2023;13590.65
08/24/2023;13463.97
08/23/2023;13721.03
08/22/2023;13505.87
08/21/2023;13497.59
08/18/2023;13290.78
08/17/2023;13316.93
08/16/2023;13474.63
08/15/2023;13631.05
08/14/2023;13788.33
8/11/2023;13644.85
8/10/2023;13737.99
8/09/2023;13722.02
8/08/2023;13884.32
8/07/2023;13994.4
8/04/2023;13909.24
8/03/2023;13959.72
8/02/2023;13973.45
8/01/2023;14283.91
07/31/2023;14346.02
07/28/2023;14316.66
07/27/2023;14050.11
07/26/2023;14127.28
07/25/2023;14144.56
07/24/2023;14058.87
07/21/2023;14032.81
07/20/2023;14063.31
07/19/2023;14358.02
07/18/2023;14353.64
07/17/2023;14244.95
07/14/2023;14113.7
07/13/2023;14138.57
7/12/2023;13918.96
7/11/2023;13760.7
7/10/2023;13685.48
7/07/2023;13660.72
7/06/2023;13679.04
7/05/2023;13791.65
7/03/2023;13816.77
06/30/2023;13787.92
06/29/2023;13591.33
06/28/2023;13591.75
06/27/2023;13555.67
06/26/2023;13335.78
06/23/2023;13492.52
06/22/2023;13630.61
06/21/2023;13502.2
06/20/2023;13667.29
06/16/2023;13689.57
06/15/2023;13782.82
06/14/2023;13626.48
06/13/2023;13573.32
6/12/2023;13461.92
6/09/2023;13259.14
6/08/2023;13238.52
6/07/2023;13104.89
6/06/2023;13276.42
6/05/2023;13229.43
6/02/2023;13240.77
6/01/2023;13100.98
05/31/2023;12935.29
05/30/2023;13017.43
05/26/2023;12975.69
05/25/2023;12698.09
05/24/2023;12484.16
05/23/2023;12560.25
05/22/2023;12720.78
05/19/2023;12657.9
05/18/2023;12688.84
05/17/2023;12500.57
05/16/2023;12343.05
05/15/2023;12365.21
5/12/2023;12284.74
5/11/2023;12328.51
5/10/2023;12306.44
5/09/2023;12179.55
5/08/2023;12256.92
5/05/2023;12235.41
5/04/2023;11966.4
5/03/2023;12025.33
5/02/2023;12080.51
5/01/2023;12212.6
04/28/2023;12226.58
04/27/2023;12142.24
04/26/2023;11854.35
04/25/2023;11799.16
04/24/2023;12037.2
04/21/2023;12072.46
04/20/2023;12059.56
04/19/2023;12157.23
04/18/2023;12153.41
04/17/2023;12157.72
04/14/2023;12123.47
04/13/2023;12166.27
4/12/2023;11929.34
4/11/2023;12031.88
4/10/2023;12084.35
4/06/2023;12087.96
4/05/2023;11996.86
4/04/2023;12126.33
4/03/2023;12189.45
03/31/2023;12221.91
03/30/2023;12013.47
03/29/2023;11926.24
03/28/2023;11716.08
03/27/2023;11768.84
03/24/2023;11823.96
03/23/2023;11787.4
03/22/2023;11669.96
03/21/2023;11860.11
03/20/2023;11675.54
03/17/2023;11630.51
03/16/2023;11717.28
03/15/2023;11434.05
03/14/2023;11428.15
03/13/2023;11188.84
3/10/2023;11138.89
3/09/2023;11338.35
3/08/2023;11576
3/07/2023;11530.33
3/06/2023;11675.74
3/03/2023;11689.01
3/02/2023;11462.98
3/01/2023;11379.48
02/28/2023;11455.54
02/27/2023;11466.98
02/24/2023;11394.94
02/23/2023;11590.4
02/22/2023;11507.07
02/21/2023;11492.3
02/17/2023;11787.27
02/16/2023;11855.83
02/15/2023;12070.59
02/14/2023;11960.15
02/13/2023;11891.79
2/10/2023;11718.12
2/09/2023;11789.58
2/08/2023;11910.52
2/07/2023;12113.79
2/06/2023;11887.45
2/03/2023;12006.95
2/02/2023;12200.82
2/01/2023;11816.32
01/31/2023;11584.55
01/30/2023;11393.81
01/27/2023;11621.71
01/26/2023;11512.41
01/25/2023;11313.36
01/24/2023;11334.27
01/23/2023;11364.41
01/20/2023;11140.43
01/19/2023;10852.27
01/18/2023;10957.01
01/17/2023;11095.11
01/13/2023;11079.16
1/12/2023;11001.1
1/11/2023;10931.67
1/10/2023;10742.63
1/09/2023;10635.65
1/06/2023;10569.29
1/05/2023;10305.24
1/04/2023;10458.76
1/03/2023;10386.98
12/30/2022;10466.48
12/29/2022;10478.09
12/28/2022;10213.29
12/27/2022;10353.23
12/23/2022;10497.86
12/22/2022;10476.12
12/21/2022;10709.37
12/20/2022;10547.11
12/19/2022;10546.03
12/16/2022;10705.41
12/15/2022;10810.53
12/14/2022;11170.89
12/13/2022;11256.81
12/12/2022;11143.74
12/09/2022;11004.62
12/08/2022;11082
12/07/2022;10958.55
12/06/2022;11014.89
12/05/2022;11239.94
12/02/2022;11461.5
12/01/2022;11482.45
11/30/2022;11468
11/29/2022;10983.78
11/28/2022;11049.5
11/25/2022;11226.36
11/23/2022;11285.32
11/22/2022;11174.41
11/21/2022;11024.51
11/18/2022;11146.06
11/17/2022;11144.96
11/16/2022;11183.66
11/15/2022;11358.41
11/14/2022;11196.22
11/11/2022;11323.33
11/10/2022;11114.15
11/09/2022;10353.17
11/08/2022;10616.2
11/07/2022;10564.52
11/04/2022;10475.25
11/03/2022;10342.94
11/02/2022;10524.8
11/01/2022;10890.85
10/31/2022;10988.15
10/28/2022;11102.45
10/27/2022;10792.67
10/26/2022;10970.99
10/25/2022;11199.12
10/24/2022;10952.61
10/21/2022;10859.72
10/20/2022;10614.84
10/19/2022;10680.51
10/18/2022;10772.4
10/17/2022;10675.8
10/14/2022;10321.39
10/13/2022;10649.15
10/12/2022;10417.1
10/11/2022;10426.19
10/10/2022;10542.1
10/07/2022;10652.4
10/06/2022;11073.31
10/05/2022;11148.64
10/04/2022;11176.41
10/03/2022;10815.43
09/30/2022;10575.62
09/29/2022;10737.51
09/28/2022;11051.64
09/27/2022;10829.5
09/26/2022;10802.92
09/23/2022;10867.93
09/22/2022;11066.81
09/21/2022;11220.19
09/20/2022;11425.05
09/19/2022;11535.02
09/16/2022;11448.4
09/15/2022;11552.36
09/14/2022;11719.68
09/13/2022;11633.57
9/12/2022;12266.41
9/09/2022;12112.31
9/08/2022;11862.13
9/07/2022;11791.9
9/06/2022;11544.91
9/02/2022;11630.86
9/01/2022;11785.13
08/31/2022;11816.2
08/30/2022;11883.14
08/29/2022;12017.67
08/26/2022;12141.71
08/25/2022;12639.27
08/24/2022;12431.53
08/23/2022;12381.3
08/22/2022;12381.57
08/19/2022;12705.22
08/18/2022;12965.34
08/17/2022;12938.12
08/16/2022;13102.55
08/15/2022;13128.05
8/12/2022;13047.19
8/11/2022;12779.91
8/10/2022;12854.8
8/09/2022;12493.93
8/08/2022;12644.46
8/05/2022;12657.55
8/04/2022;12720.58
8/03/2022;12668.16
8/02/2022;12348.76
8/01/2022;12368.98
07/29/2022;12390.69
07/28/2022;12162.59
07/27/2022;12032.42
07/26/2022;11562.57
07/25/2022;11782.67
07/22/2022;11834.11
07/21/2022;12059.61
07/20/2022;11897.65
07/19/2022;11713.15
07/18/2022;11360.05
07/15/2022;11452.42
07/14/2022;11251.19
07/13/2022;11247.58
7/12/2022;11264.73
7/11/2022;11372.6
7/08/2022;11635.31
7/07/2022;11621.35
7/06/2022;11361.85
7/05/2022;11322.24
7/01/2022;11127.85
06/30/2022;11028.74
06/29/2022;11177.89
06/28/2022;11181.54
06/27/2022;11524.55
06/24/2022;11607.62
06/23/2022;11232.19
06/22/2022;11053.08
06/21/2022;11069.3
06/17/2022;10798.35
06/16/2022;10646.1
06/15/2022;11099.15
06/14/2022;10828.35
06/13/2022;10809.23
6/10/2022;11340.02
6/09/2022;11754.23
6/08/2022;12086.27
6/07/2022;12175.23
6/06/2022;12061.37
6/03/2022;12012.73
6/02/2022;12316.9
6/01/2022;11994.46
05/31/2022;12081.39
05/27/2022;12131.13
05/26/2022;11740.65
05/25/2022;11434.74
05/24/2022;11264.45
05/23/2022;11535.27
05/20/2022;11354.62
05/19/2022;11388.5
05/18/2022;11418.15
05/17/2022;11984.52
05/16/2022;11662.79
05/13/2022;11805
5/12/2022;11370.96
5/11/2022;11364.24
5/10/2022;11737.67
5/09/2022;11623.25
5/06/2022;12144.66
5/05/2022;12317.69
5/04/2022;12964.86
5/03/2022;12563.76
5/02/2022;12536.02
04/29/2022;12334.64
04/28/2022;12871.53
04/27/2022;12488.93
04/26/2022;12490.74
04/25/2022;13004.85
04/22/2022;12839.29
04/21/2022;13174.65
04/20/2022;13453.07
04/19/2022;13619.66
04/18/2022;13332.36
04/14/2022;13351.08
04/13/2022;13643.59
4/12/2022;13371.57
4/11/2022;13411.96
4/08/2022;13711
4/07/2022;13897.3
4/06/2022;13888.82
4/05/2022;14204.17
4/04/2022;14532.55
4/01/2022;14261.5
03/31/2022;14220.52
03/30/2022;14442.27
03/29/2022;14619.64
03/28/2022;14354.9
03/25/2022;14169.3
03/24/2022;14191.84
03/23/2022;13922.6
03/22/2022;14108.82
03/21/2022;13838.46
03/18/2022;13893.84
03/17/2022;13614.78
03/16/2022;13436.55
03/15/2022;12948.62
03/14/2022;12581.22
3/11/2022;12843.81
3/10/2022;13129.96
3/09/2022;13255.55
3/08/2022;12795.55
3/07/2022;12830.96
3/04/2022;13313.44
3/03/2022;13537.94
3/02/2022;13752.02
3/01/2022;13532.46
02/28/2022;13751.4
02/25/2022;13694.62
02/24/2022;13473.58
02/23/2022;13037.49
02/22/2022;13381.52
02/18/2022;13548.07
02/17/2022;13716.72
02/16/2022;14124.09
02/15/2022;14139.76
02/14/2022;13790.92
2/11/2022;13791.15
2/10/2022;14185.64
2/09/2022;14490.37
2/08/2022;14194.45
2/07/2022;14015.67
2/04/2022;14098.01
2/03/2022;13878.82
2/02/2022;14417.55
2/01/2022;14346
01/31/2022;14239.88
01/28/2022;13770.57
01/27/2022;13352.78
01/26/2022;13542.12
01/25/2022;13539.29
01/24/2022;13855.13
01/21/2022;13768.92
01/20/2022;14154.02
01/19/2022;14340.26
01/18/2022;14506.9
01/14/2022;14893.75
01/13/2022;14806.81
1/12/2022;15188.39
1/11/2022;15153.45
1/10/2022;14942.83
1/07/2022;14935.9
1/06/2022;15080.86
1/05/2022;15100.17
1/04/2022;15622.72
1/03/2022;15832.8
12/31/2021;15644.97
12/30/2021;15741.56
12/29/2021;15766.22
12/28/2021;15781.72
12/27/2021;15871.26
12/23/2021;15653.37
12/22/2021;15521.89
12/21/2021;15341.09
12/20/2021;14980.94
12/17/2021;15169.68
12/16/2021;15180.43
12/15/2021;15565.58
12/14/2021;15237.64
12/13/2021;15413.28
12/10/2021;15630.6
12/09/2021;15517.37
12/08/2021;15786.99
12/07/2021;15686.92
12/06/2021;15225.15
12/03/2021;15085.47
12/02/2021;15381.32
12/01/2021;15254.05
11/30/2021;15537.69
11/29/2021;15782.83
11/26/2021;15491.66
11/24/2021;15845.23
11/23/2021;15775.14
11/22/2021;15854.76
11/19/2021;16057.44
11/18/2021;15993.71
11/17/2021;15921.57
11/16/2021;15973.86
11/15/2021;15853.85
11/12/2021;15860.96
11/11/2021;15704.28
11/10/2021;15622.71
11/09/2021;15886.54
11/08/2021;15982.36
11/05/2021;15971.59
11/04/2021;15940.31
11/03/2021;15811.58
11/02/2021;15649.6
11/01/2021;15595.92
10/29/2021;15498.39
10/28/2021;15448.12
10/27/2021;15235.84
10/26/2021;15235.71
10/25/2021;15226.71
10/22/2021;15090.2
10/21/2021;15215.7
10/20/2021;15121.68
10/19/2021;15129.09
10/18/2021;15021.81
10/15/2021;14897.34
10/14/2021;14823.43
10/13/2021;14571.64
10/12/2021;14465.92
10/11/2021;14486.2
10/08/2021;14579.54
10/07/2021;14654.02
10/06/2021;14501.91
10/05/2021;14433.83
10/04/2021;14255.48
10/01/2021;14566.7
09/30/2021;14448.58
09/29/2021;14512.44
09/28/2021;14546.68
09/27/2021;14969.97
09/24/2021;15047.7
09/23/2021;15052.24
09/22/2021;14896.85
09/21/2021;14746.4
09/20/2021;14713.9
09/17/2021;15043.97
09/16/2021;15181.92
09/15/2021;15161.53
09/14/2021;15037.76
09/13/2021;15105.58
9/10/2021;15115.49
9/09/2021;15248.25
9/08/2021;15286.64
9/07/2021;15374.33
9/03/2021;15363.52
9/02/2021;15331.18
9/01/2021;15309.38
08/31/2021;15259.24
08/30/2021;15265.89
08/27/2021;15129.5
08/26/2021;14945.81
08/25/2021;15041.86
08/24/2021;15019.8
08/23/2021;14942.65
08/20/2021;14714.66
08/19/2021;14541.79
08/18/2021;14525.91
08/17/2021;14656.18
08/16/2021;14793.76
08/13/2021;14822.9
8/12/2021;14816.26
8/11/2021;14765.14
8/10/2021;14788.09
8/09/2021;14860.18
8/06/2021;14835.76
8/05/2021;14895.12
8/04/2021;14780.53
8/03/2021;14761.29
8/02/2021;14681.07
07/30/2021;14672.68
07/29/2021;14778.26
07/28/2021;14762.58
07/27/2021;14660.58
07/26/2021;14840.71
07/23/2021;14836.99
07/22/2021;14684.6
07/21/2021;14631.95
07/20/2021;14498.88
07/19/2021;14274.98
07/16/2021;14427.24
07/15/2021;14543.13
07/14/2021;14644.95
07/13/2021;14677.65
7/12/2021;14733.24
7/09/2021;14701.92
7/08/2021;14559.78
7/07/2021;14665.06
7/06/2021;14663.64
7/02/2021;14639.33
7/01/2021;14522.38
06/30/2021;14503.95
06/29/2021;14528.33
06/28/2021;14500.51
06/25/2021;14360.39
06/24/2021;14369.71
06/23/2021;14271.73
06/22/2021;14253.27
06/21/2021;14141.48
06/18/2021;14030.38
06/17/2021;14161.35
06/16/2021;14039.68
06/15/2021;14072.86
06/14/2021;14174.14
6/11/2021;14069.42
6/10/2021;14020.33
6/09/2021;13911.75
6/08/2021;13924.91
6/07/2021;13881.72
6/04/2021;13814.49
6/03/2021;13614.51
6/02/2021;13756.33
6/01/2021;13736.48
05/28/2021;13748.74
05/27/2021;13736.28
05/26/2021;13738
05/25/2021;13657.17
05/24/2021;13661.17
05/21/2021;13470.99
05/20/2021;13535.74
05/19/2021;13299.74
05/18/2021;13303.64
05/17/2021;13379.05
05/14/2021;13379.05
05/13/2021;13124.99
5/12/2021;13031.68
5/11/2021;13389.43
5/10/2021;13401.86
5/07/2021;13752.24
5/06/2021;13632.84
5/05/2021;13582.42
5/04/2021;13633.5
5/03/2021;13895.12
04/30/2021;13962.68
04/29/2021;14082.55
04/28/2021;14051.03
04/27/2021;14090.22
04/26/2021;14138.78
04/23/2021;14016.81
04/22/2021;13818.41
04/21/2021;13950.22
04/20/2021;13786.27
04/19/2021;13914.77
04/16/2021;14052.34
04/15/2021;14038.76
04/14/2021;13857.84
04/13/2021;13996.1
4/12/2021;13850
4/09/2021;13900.19
4/08/2021;13829.31
4/07/2021;13688.84
4/06/2021;13698.38
4/05/2021;13705.59
4/01/2021;13480.11
03/31/2021;13246.87
03/30/2021;13045.39
03/29/2021;13059.65
03/26/2021;13138.72
03/25/2021;12977.68
03/24/2021;12961.89
03/23/2021;13227.7
03/22/2021;13377.54
03/19/2021;13215.24
03/18/2021;13116.17
03/17/2021;13525.2
03/16/2021;13471.57
03/15/2021;13459.71
3/12/2021;13319.86
3/11/2021;13398.67
3/10/2021;13068.83
3/09/2021;13073.82
3/08/2021;12609.16
3/05/2021;12920.15
3/04/2021;12723.47
3/03/2021;12997.75
3/02/2021;13358.79
3/01/2021;13588.83
02/26/2021;13192.35
02/25/2021;13119.43
02/24/2021;13597.97
02/23/2021;13465.2
02/22/2021;13533.05
02/19/2021;13874.46
02/18/2021;13865.36
02/17/2021;13965.49
02/16/2021;14047.5
2/12/2021;14095.47
2/11/2021;14025.77
2/10/2021;13972.53
2/09/2021;14007.7
2/08/2021;13987.64
2/05/2021;13856.3
2/04/2021;13777.74
2/03/2021;13610.54
2/02/2021;13612.78
2/01/2021;13403.39
01/29/2021;13070.69
01/28/2021;13337.16
01/27/2021;13270.6
01/26/2021;13626.06
01/25/2021;13635.99
01/22/2021;13543.06
01/21/2021;13530.91
01/20/2021;13457.25
01/19/2021;13197.18
01/15/2021;12998.5
01/14/2021;13112.64
01/13/2021;13128.95
1/12/2021;13072.43
1/11/2021;13036.43
1/08/2021;13201.98
1/07/2021;13067.48
1/06/2021;12740.79
1/05/2021;12818.96
1/04/2021;12698.45
12/31/2020;12888.28
12/30/2020;12870
12/29/2020;12850.22
12/28/2020;12899.42
12/24/2020;12804.73
12/23/2020;12771.11
12/22/2020;12807.92
12/21/2020;12742.52
12/18/2020;12755.64
12/17/2020;12764.75
12/16/2020;12658.19
12/15/2020;12595.06
12/14/2020;12440.04
12/11/2020;12377.87
12/10/2020;12405.81
12/09/2020;12338.95
12/08/2020;12582.77
12/07/2020;12519.95
12/04/2020;12464.23
12/03/2020;12377.18
12/02/2020;12349.37
12/01/2020;12355.11
11/30/2020;12198.74
11/27/2020;12205.85
11/25/2020;12094.4
11/24/2020;12037.33
11/23/2020;11881.17
11/20/2020;11854.97
11/19/2020;11904.71
11/18/2020;11801.6
11/17/2020;11899.34
11/16/2020;11924.13
11/13/2020;11829.29
11/12/2020;11709.59
11/11/2020;11786.43
11/10/2020;11553.86
11/09/2020;11713.78
11/06/2020;11895.23
11/05/2020;11890.93
11/04/2020;11590.78
11/03/2020;11160.57
11/02/2020;10957.61
10/30/2020;10911.59
10/29/2020;11185.59
10/28/2020;11004.87
10/27/2020;11431.35
10/26/2020;11358.94
10/23/2020;11548.28
10/22/2020;11506.01
10/21/2020;11484.69
10/20/2020;11516.49
10/19/2020;11478.88
10/16/2020;11671.56
10/15/2020;11713.87
10/14/2020;11768.73
10/13/2020;11863.9
10/12/2020;11876.26
10/09/2020;11579.94
10/08/2020;11420.98
10/07/2020;11364.6
10/06/2020;11154.6
10/05/2020;11332.49
10/02/2020;11075.02
10/01/2020;11326.51
09/30/2020;11167.51
09/29/2020;11085.25
09/28/2020;11117.52
09/25/2020;10913.56
09/24/2020;10672.27
09/23/2020;10632.99
09/22/2020;10963.64
09/21/2020;10778.8
09/18/2020;10793.28
09/17/2020;10910.28
09/16/2020;11050.47
09/15/2020;11190.32
09/14/2020;11056.65
9/11/2020;10853.55
9/10/2020;10919.59
9/09/2020;11141.56
9/08/2020;10847.69
9/04/2020;11313.13
9/03/2020;11458.1
9/02/2020;12056.44
9/01/2020;11939.67
08/31/2020;11775.46
08/28/2020;11695.63
08/27/2020;11625.34
08/26/2020;11665.06
08/25/2020;11466.47
08/24/2020;11379.72
08/21/2020;11311.8
08/20/2020;11264.95
08/19/2020;11146.46
08/18/2020;11210.84
08/17/2020;11129.73
08/14/2020;11019.3
08/13/2020;11042.5
8/12/2020;11012.24
8/11/2020;10782.82
8/10/2020;10968.36
8/07/2020;11010.98
8/06/2020;11108.07
8/05/2020;10998.4
8/04/2020;10941.17
8/03/2020;10902.8
07/31/2020;10745.27
07/30/2020;10587.81
07/29/2020;10542.94
07/28/2020;10402.09
07/27/2020;10536.27
07/24/2020;10363.18
07/23/2020;10461.42
07/22/2020;10706.13
07/21/2020;10680.36
07/20/2020;10767.09
07/17/2020;10503.19
07/16/2020;10473.83
07/15/2020;10550.49
07/14/2020;10488.58
07/13/2020;10390.84
7/10/2020;10617.44
7/09/2020;10547.75
7/08/2020;10492.5
7/07/2020;10343.89
7/06/2020;10433.65
7/02/2020;10207.63
7/01/2020;10154.63
06/30/2020;10058.77
06/29/2020;9874.15
06/26/2020;9757.22
06/25/2020;10017
06/24/2020;9909.17
06/23/2020;10131.37
06/22/2020;10056.47
06/19/2020;9946.12
06/18/2020;9943.05
06/17/2020;9910.53
06/16/2020;9895.87
06/15/2020;9726.02
6/12/2020;9588.81
6/11/2020;9492.73
6/10/2020;10020.35
6/09/2020;9953.75
6/08/2020;9924.74
6/05/2020;9814.08
6/04/2020;9615.81
6/03/2020;9682.91
6/02/2020;9608.37
6/01/2020;9552.05
05/29/2020;9489.87
05/28/2020;9368.99
05/27/2020;9412.36
05/26/2020;9340.22
05/22/2020;9324.59
05/21/2020;9284.88
05/20/2020;9375.78
05/19/2020;9185.1
05/18/2020;9234.83
05/15/2020;9014.56
05/14/2020;8943.72
05/13/2020;8863.17
5/12/2020;9002.55
5/11/2020;9192.34
5/08/2020;9121.32
5/07/2020;8979.66
5/06/2020;8854.39
5/05/2020;8809.12
5/04/2020;8710.71
5/01/2020;8604.95
04/30/2020;8889.55
04/29/2020;8914.71
04/28/2020;8607.73
04/27/2020;8730.16
04/24/2020;8634.52
04/23/2020;8494.75
04/22/2020;8495.38
04/21/2020;8263.23
04/20/2020;8560.73
04/17/2020;8650.14
04/16/2020;8532.36
04/15/2020;8393.18
04/14/2020;8515.74
04/13/2020;8192.42
4/09/2020;8153.58
4/08/2020;8090.9
4/07/2020;7887.26
4/06/2020;7913.24
4/03/2020;7373.08
4/02/2020;7487.31
4/01/2020;7360.58
03/31/2020;7700.1
03/30/2020;7774.15
03/27/2020;7502.38
03/26/2020;7797.54
03/25/2020;7384.3
03/24/2020;7417.86
03/23/2020;6860.67
03/20/2020;6879.52
03/19/2020;7150.58
03/18/2020;6989.84
03/17/2020;7334.78
03/16/2020;6904.59
03/13/2020;7874.88
3/12/2020;7201.8
3/11/2020;7952.05
3/10/2020;8344.25
3/09/2020;7950.68
3/06/2020;8575.62
3/05/2020;8738.6
3/04/2020;9018.09
3/03/2020;8684.09
3/02/2020;8952.16
02/28/2020;8567.37
02/27/2020;8566.48
02/26/2020;8980.77
02/25/2020;8965.61
02/24/2020;9221.28
02/21/2020;9576.59
02/20/2020;9750.96
02/19/2020;9817.18
02/18/2020;9732.74
02/14/2020;9731.18
02/13/2020;9711.97
2/12/2020;9725.96
2/11/2020;9638.94
2/10/2020;9628.39
2/07/2020;9520.51
2/06/2020;9572.15
2/05/2020;9508.68
2/04/2020;9467.97
2/03/2020;9273.4
01/31/2020;9150.94
01/30/2020;9298.93
01/29/2020;9275.16
01/28/2020;9269.68
01/27/2020;9139.31
01/24/2020;9314.91
01/23/2020;9402.48
01/22/2020;9383.77
01/21/2020;9370.81
01/17/2020;9388.94
01/16/2020;9357.13
01/15/2020;9258.7
01/14/2020;9251.33
01/13/2020;9273.93
1/10/2020;9178.86
1/09/2020;9203.43
1/08/2020;9129.24
1/07/2020;9068.58
1/06/2020;9071.46
1/03/2020;9020.77
1/02/2020;9092.19
12/31/2019;8972.6
12/30/2019;8945.99
12/27/2019;9006.62
12/26/2019;9022.39
12/24/2019;8952.88
12/23/2019;8945.65
12/20/2019;8924.96
12/19/2019;8887.22
12/18/2019;8827.73
12/17/2019;8823.36
12/16/2019;8814.23
12/13/2019;8734.88
12/12/2019;8717.32
12/11/2019;8654.05
12/10/2019;8616.18
12/09/2019;8621.83
12/06/2019;8656.53
12/05/2019;8570.7
12/04/2019;8566.67
12/03/2019;8520.64
12/02/2019;8567.99
11/29/2019;8665.47
11/27/2019;8705.18
11/26/2019;8647.93
11/25/2019;8632.49
11/22/2019;8519.88
11/21/2019;8506.21
11/20/2019;8526.73
11/19/2019;8570.66
11/18/2019;8549.94
11/15/2019;8540.83
11/14/2019;8479.02
11/13/2019;8482.1
11/12/2019;8486.09
11/11/2019;8464.28
11/08/2019;8475.31
11/07/2019;8434.52
11/06/2019;8410.63
11/05/2019;8434.68
11/04/2019;8433.2
11/01/2019;8386.4
10/31/2019;8292.36
10/30/2019;8303.98
10/29/2019;8276.85
10/28/2019;8325.99
10/25/2019;8243.12
10/24/2019;8185.8
10/23/2019;8119.79
10/22/2019;8104.3
10/21/2019;8162.99
10/18/2019;8089.54
10/17/2019;8156.85
10/16/2019;8124.18
10/15/2019;8148.71
10/14/2019;8048.65
10/11/2019;8057.04
10/10/2019;7950.78
10/09/2019;7903.74
10/08/2019;7823.78
10/07/2019;7956.29
10/04/2019;7982.47
10/03/2019;7872.26
10/02/2019;7785.25
10/01/2019;7908.68
09/30/2019;7999.34
09/27/2019;7939.63
09/26/2019;8030.66
09/25/2019;8077.38
09/24/2019;7993.63
09/23/2019;8112.46
09/20/2019;8117.67
09/19/2019;8182.88
09/18/2019;8177.39
09/17/2019;8186.02
09/16/2019;8153.54
09/13/2019;8176.71
9/12/2019;8194.47
9/11/2019;8169.68
9/10/2019;8084.16
9/09/2019;8087.44
9/06/2019;8103.07
9/05/2019;8116.83
9/04/2019;7976.88
9/03/2019;7874.16
08/30/2019;7962.88
08/29/2019;7973.39
08/28/2019;7856.88
08/27/2019;7826.95
08/26/2019;7853.74
08/23/2019;7751.77
08/22/2019;7991.39
08/21/2019;8020.21
08/20/2019;7948.56
08/19/2019;8002.81
08/16/2019;7895.99
08/15/2019;7766.62
08/14/2019;7773.94